{"rect":[{"id":"0xf7625e","min_x":0.107644,"max_x":0.892356,"min_y":0.000000,"max_y":1.000000}]}