{"rect":[{"id":"0xf7625e","min_x":0.134165,"max_x":0.864275,"min_y":0.000000,"max_y":1.000000}]}