{"rect":[{"id":"0xf7625e","min_x":0.126365,"max_x":0.875195,"min_y":0.000000,"max_y":1.000000}]}